premise,hypothesis,label,P-Verbal,P-Non-verbal,P-Analytic,P-Synthetic,P-Clausal,P-Sub-clausal,P-Ordinary,P-Meta-linguistic,Unnamed: 13,H-Verbal,H-Non-verbal,H-Analytic,H-Synthetic,H-Clausal,H-Sub-clausal,H-Ordinary,H-Meta-linguistic,Unnamed: 22,Construction,Construction Subtype,Indefinite quantifier change,Negator addition or deletion,Negator position change,Clause or sub-clause deletion,Negator token change,Comparative quantifier change,Focus particle change,Lexical change,Numerical quantifier change,Syntactical changes,Quantification
Not all people have had the opportunities you have had.,Some people have not had the opportunities you have had.,entailment,0,1,1,0,0,1,1,0,,1.0,0.0,1.0,0.0,1.0,0.0,1.0,0.0,,not + quantifier,not all,1,0,1,0,0,0,0,0,0,0,1
Not all people have had the opportunities you have had.,Some people have had the opportunities you have had.,entailment,0,1,1,0,0,1,1,0,,,,,,,,,,,not + quantifier,not all,1,1,0,0,0,0,0,0,0,0,1
Not all people have had the opportunities you have had.,Every person has had the opportunities you have had.,contradiction,0,1,1,0,0,1,1,0,,,,,,,,,,,not + quantifier,not all,1,1,0,0,0,0,0,0,0,0,1
Not all people have had the opportunities you have had.,Not every person has had the opportunities you have had.,entailment,0,1,1,0,0,1,1,0,,0.0,1.0,1.0,0.0,0.0,1.0,1.0,0.0,,not + quantifier,not all,1,0,0,0,0,0,0,0,0,0,1
Not all people have had the opportunities you have had.,All people have not had the opportunities you have had.,contradiction,0,1,1,0,0,1,1,0,,1.0,0.0,1.0,0.0,1.0,0.0,1.0,0.0,,not + quantifier,not all,0,0,1,0,0,0,0,0,0,0,1
Not all people have had the opportunities you have had.,All people have had the opportunities you have had.,contradiction,0,1,1,0,0,1,1,0,,,,,,,,,,,not + quantifier,not all,0,1,0,0,0,0,0,0,0,0,1
Not all people have had the opportunities you have had.,Not all people have had the opportunities you have not had.,neutral,0,1,1,0,0,1,1,0,,0.0,1.0,1.0,0.0,0.0,1.0,1.0,0.0,,not + quantifier,not all,0,1,0,0,0,0,0,0,0,0,1
Not all people have had the opportunities you have had.,No one has had the opportunities you have had.,contradiction,0,1,1,0,0,1,1,0,,0.0,1.0,0.0,1.0,0.0,1.0,1.0,0.0,,not + quantifier,not all,1,0,0,0,0,0,0,0,0,0,1
I saw nothing at all.,I didn't see anything at all.,entailment,0,1,0,1,0,1,1,0,,1.0,0.0,1.0,0.0,1.0,0.0,1.0,0.0,,absolute negator,never,1,1,0,0,0,0,0,0,0,0,1
I saw nothing at all.,I saw something.,contradiction,0,1,0,1,0,1,1,0,,,,,,,,,,,absolute negator,never,1,0,0,0,0,0,0,0,0,0,1
I saw nothing at all.,I did not see something.,entailment,0,1,1,0,0,1,1,0,,1.0,0.0,1.0,0.0,1.0,0.0,1.0,0.0,,absolute negator,never,1,1,0,0,0,0,0,0,0,0,1
Not often do we see her lose her cool like that.,We do not see her lose her cool like that often.,entailment,0,1,1,0,0,1,1,0,,1.0,0.0,1.0,0.0,1.0,0.0,1.0,0.0,,not + quantifier,not all,0,0,1,0,0,0,0,0,0,0,1
Not often do we see her lose her cool like that.,She does not lose her cool like that often.,neutral,0,1,1,0,0,1,1,0,,1.0,0.0,1.0,0.0,1.0,0.0,1.0,0.0,,not + quantifier,not all,0,0,1,1,0,0,0,0,0,0,1
Not often do we see her lose her cool like that.,We see her lose her cool like that often.,contradiction,0,1,1,0,0,1,1,0,,,,,,,,,,,not + quantifier,not all,0,1,0,0,0,0,0,0,0,0,1
Not often do we see her lose her cool like that.,Sometimes we see her lose her cool like that.,entailment,0,1,1,0,0,1,1,0,,,,,,,,,,,not + quantifier,not all,1,1,0,0,0,0,0,0,0,0,1
Not often do we see her lose her cool like that.,Sometimes we do not see her lose her cool like that.,contradiction,0,1,1,0,0,1,1,0,,1.0,0.0,1.0,0.0,1.0,0.0,1.0,0.0,,not + quantifier,not all,1,0,1,0,0,0,0,0,0,0,1
Not often do we see her lose her cool like that.,We do not see her often.,neutral,0,1,1,0,0,1,1,0,,1.0,0.0,1.0,0.0,1.0,0.0,1.0,0.0,,not + quantifier,not all,0,0,1,1,0,0,0,0,0,0,1
Not often do we see her lose her cool like that.,We do not see her lose her cool like him often.,neutral,0,1,1,0,0,1,1,0,,,,,,,,,,,not + quantifier,not all,0,0,1,0,0,0,0,1,0,0,1
Not one person supported the proposal.,Some people supported the proposal.,contradiction,0,1,1,0,0,1,1,0,,,,,,,,,,,not + quantifier,not one,1,1,0,0,0,0,0,0,0,0,1
Not one person supported the proposal.,Some people did not support the proposal.,entailment,0,1,1,0,0,1,1,0,,1.0,0.0,1.0,0.0,1.0,0.0,1.0,0.0,,not + quantifier,not one,1,0,1,0,0,0,0,0,0,0,1
Not one person supported the proposal.,Everyone supported the proposal.,contradiction,0,1,1,0,0,1,1,0,,,,,,,,,,,not + quantifier,not one,1,1,0,0,0,0,0,0,0,0,1
Not one person supported the proposal.,Everyone did not support the proposal.,entailment,0,1,1,0,0,1,1,0,,1.0,0.0,1.0,0.0,1.0,0.0,1.0,0.0,,not + quantifier,not one,1,0,1,0,0,0,0,0,0,0,1
Not one person supported the proposal.,No one supported the proposal.,entailment,0,1,1,0,0,1,1,0,,0.0,1.0,0.0,1.0,0.0,1.0,1.0,0.0,,not + quantifier,not one,1,0,0,0,1,0,0,0,0,0,1
Not one person supported the proposal.,No one did not support the proposal.,contradiction,0,1,1,0,0,1,1,0,,1.0,1.0,1.0,1.0,1.0,1.0,1.0,0.0,,not + quantifier,not one,0,1,0,0,1,0,0,0,0,0,1
Not one person supported the proposal.,One person did not support the proposal.,entailment,0,1,1,0,0,1,1,0,,1.0,0.0,1.0,0.0,1.0,0.0,1.0,0.0,,not + quantifier,not one,0,0,1,0,0,0,0,0,0,0,1
Not one person supported the proposal.,One person supported the proposal.,contradiction,0,1,1,0,0,1,1,0,,,,,,,,,,,not + quantifier,not one,0,1,0,0,0,0,0,0,0,0,1
Not one person supported the proposal.,Two people did not support the proposal.,entailment,0,1,1,0,0,1,1,0,,1.0,0.0,1.0,0.0,1.0,0.0,1.0,0.0,,not + quantifier,not one,0,0,1,0,0,0,0,0,1,0,1
Not one person supported the proposal.,Two people supported the proposal.,contradiction,0,1,1,0,0,1,1,0,,,,,,,,,,,not + quantifier,not one,0,1,0,0,0,0,0,0,1,0,1
Not one person supported the proposal.,Twenty people did not support the proposal.,neutral,0,1,1,0,0,1,1,0,,1.0,0.0,1.0,0.0,1.0,0.0,1.0,0.0,,not + quantifier,not one,0,0,1,0,0,0,0,0,1,0,1
Not one person supported the proposal.,Twenty people supported the proposal.,contradiction,0,1,1,0,0,1,1,0,,,,,,,,,,,not + quantifier,not one,0,1,0,0,0,0,0,0,1,0,1
They had found not one mistake.,They had found more than one mistake.,entailment,0,1,1,0,0,1,1,0,,,,,,,,,,,not + quantifier,not one,0,1,0,0,0,1,0,0,0,0,1
They had found not one mistake.,They had not found more than one mistake.,contradiction,0,1,1,0,0,1,1,0,,1.0,0.0,1.0,0.0,1.0,0.0,1.0,0.0,,not + quantifier,not one,0,0,1,0,0,1,0,0,0,0,1
They had found not one mistake.,They had found less than one mistake.,contradiction,0,1,1,0,0,1,1,0,,,,,,,,,,,not + quantifier,not one,0,1,0,0,0,1,0,0,0,0,1
They had found not one mistake.,They had found two mistakes.,neutral,0,1,1,0,0,1,1,0,,,,,,,,,,,not + quantifier,not one,0,1,0,0,0,0,0,0,1,0,1
They had found not one mistake.,They had not found two mistakes.,contradiction,0,1,1,0,0,1,1,0,,1.0,0.0,1.0,0.0,1.0,0.0,1.0,0.0,,not + quantifier,not one,0,0,1,0,0,0,0,0,1,0,1
They had found not one mistake.,They had found twenty mistakes.,neutral,0,1,1,0,0,1,1,0,,,,,,,,,,,not + quantifier,not one,0,1,0,0,0,0,0,0,1,0,1
They had found not one mistake.,They had not found twenty mistakes.,neutral,0,1,1,0,0,1,1,0,,1.0,0.0,1.0,0.0,1.0,0.0,1.0,0.0,,not + quantifier,not one,0,0,1,0,0,0,0,0,1,0,1
They had found not one mistake.,They had found some mistakes.,entailment,0,1,1,0,0,1,1,0,,,,,,,,,,,not + quantifier,not one,1,1,0,0,0,0,0,0,0,0,1
They had found not one mistake.,They had found not all mistakes.,neutral,0,1,1,0,0,1,1,0,,0.0,1.0,1.0,0.0,0.0,1.0,1.0,0.0,,not + quantifier,not one,1,0,0,0,0,0,0,0,0,0,1
They had found not one mistake.,They had found all mistakes.,neutral,0,1,1,0,0,1,1,0,,,,,,,,,,,not + quantifier,not one,1,1,0,0,0,0,0,0,0,0,1
They had found not one mistake.,They had not found even one mistake.,contradiction,0,1,1,0,0,1,1,0,,1.0,0.0,1.0,0.0,1.0,0.0,1.0,0.0,,not + quantifier,not one,0,0,1,0,0,0,1,0,0,0,1
They had found not one mistake.,They had found not every mistake.,neutral,0,1,1,0,0,1,1,0,,0.0,1.0,1.0,0.0,0.0,1.0,1.0,0.0,,not + quantifier,not one,1,0,0,0,0,0,0,0,0,0,1
They had found not one mistake.,They had found every mistake.,neutral,0,1,1,0,0,1,1,0,,,,,,,,,,,not + quantifier,not one,1,1,0,0,0,0,0,0,0,0,1
They had found not one mistake.,They had not found only one mistake.,entailment,0,1,1,0,0,1,1,0,,1.0,0.0,1.0,0.0,1.0,0.0,1.0,0.0,,not + quantifier,not one,0,0,1,0,0,0,1,0,0,0,1
They had found not one mistake.,They had not found any mistakes.,contradiction,0,1,1,0,0,1,1,0,,1.0,0.0,1.0,0.0,1.0,0.0,1.0,0.0,,not + quantifier,not one,1,0,1,0,0,0,0,0,0,0,1
They had found not one mistake.,They had not found some mistakes.,neutral,0,1,1,0,0,1,1,0,,1.0,0.0,1.0,0.0,1.0,0.0,1.0,0.0,,not + quantifier,not one,1,0,1,0,0,0,0,0,0,0,1
"Not one, not two, but three of them made the mistake.",Three of them made the mistake.,entailment,0,1,1,0,0,1,1,0,,,,,,,,,,,not + quantifier,not one,0,0,0,1,0,0,0,0,0,0,1
"Not one, not two, but three of them made the mistake.",Three of them did not make the mistake.,contradiction,0,1,1,0,0,1,1,0,,1.0,0.0,1.0,0.0,1.0,0.0,1.0,0.0,,not + quantifier,not one,0,1,0,1,0,0,0,0,0,0,1
"Not one, not two, but three of them made the mistake.",More than three of them made the mistake.,contradiction,0,1,1,0,0,1,1,0,,,,,,,,,,,not + quantifier,not one,0,0,0,1,0,1,0,0,0,0,1
"Not one, not two, but three of them made the mistake.",More than two of them made the mistake.,entailment,0,1,1,0,0,1,1,0,,,,,,,,,,,not + quantifier,not one,0,0,0,1,0,1,0,0,0,0,1
"Not one, not two, but three of them made the mistake.",More than one of them made the mistake.,entailment,0,1,1,0,0,1,1,0,,,,,,,,,,,not + quantifier,not one,0,0,0,1,0,1,0,0,0,0,1
"Not one, not two, but three of them made the mistake.",More than three of them did not make the mistake.,neutral,0,1,1,0,0,1,1,0,,1.0,0.0,1.0,0.0,1.0,0.0,1.0,0.0,,not + quantifier,not one,0,1,0,1,0,1,0,0,0,0,1
"Not one, not two, but three of them made the mistake.",More than two of them did not make the mistake.,neutral,0,1,1,0,0,1,1,0,,1.0,0.0,1.0,0.0,1.0,0.0,1.0,0.0,,not + quantifier,not one,1,1,0,1,0,1,0,0,0,0,1
"Not one, not two, but three of them made the mistake.",More than one of them did not make the mistake.,neutral,0,1,1,0,0,1,1,0,,1.0,0.0,1.0,0.0,1.0,0.0,1.0,0.0,,not + quantifier,not one,1,1,0,1,0,1,0,0,0,0,1
"Not one, not two, but three of them made the mistake.",Less than three of them made the mistake.,contradiction,0,1,1,0,0,1,1,0,,,,,,,,,,,not + quantifier,not one,0,0,0,1,0,1,0,0,0,0,1
"Not one, not two, but three of them made the mistake.",Less than two of them made the mistake.,contradiction,0,1,1,0,0,1,1,0,,,,,,,,,,,not + quantifier,not one,1,0,0,1,0,1,0,0,0,0,1
"Not one, not two, but three of them made the mistake.",Less than four of them made the mistake.,entailment,0,1,1,0,0,1,1,0,,,,,,,,,,,not + quantifier,not one,1,0,0,1,0,1,0,0,0,0,1
"Not one, not two, but three of them made the mistake.",One of them made the mistake.,entailment,0,1,1,0,0,1,1,0,,,,,,,,,,,not + quantifier,not one,1,0,0,1,0,0,0,0,0,0,1
"Not one, not two, but three of them made the mistake.",Two of them made the mistake.,entailment,0,1,1,0,0,1,1,0,,,,,,,,,,,not + quantifier,not one,1,0,0,1,0,0,0,0,0,0,1
"Not one, not two, but three of them made the mistake.",One of them did not make the mistake.,contradiction,0,1,1,0,0,1,1,0,,1.0,0.0,1.0,0.0,1.0,0.0,1.0,0.0,,not + quantifier,not one,1,1,0,1,0,0,0,0,0,0,1
"Not one, not two, but three of them made the mistake.",Two of them did not make the mistake.,contradiction,0,1,1,0,0,1,1,0,,1.0,0.0,1.0,0.0,1.0,0.0,1.0,0.0,,not + quantifier,not one,1,1,0,1,0,0,0,0,0,0,1
Not two years ago this company was ranked in the top ten.,Less than two years ago this company was ranked in the top ten.,entailment,0,1,1,0,0,1,1,0,,,,,,,,,,,not + quantifier,not two,0,1,0,0,0,1,0,0,0,0,1
Not two years ago this company was ranked in the top ten.,More than two years ago this company was ranked in the top ten.,neutral,0,1,1,0,0,1,1,0,,,,,,,,,,,not + quantifier,not two,0,1,0,0,0,1,0,0,0,0,1
Not two years ago this company was ranked in the top ten.,Less than two years ago this company was not ranked in the top ten.,contradiction,0,1,1,0,0,1,1,0,,1.0,0.0,1.0,0.0,1.0,0.0,1.0,0.0,,not + quantifier,not two,0,0,1,0,0,1,0,0,0,0,1
Not two years ago this company was ranked in the top ten.,More than two years ago this company was not ranked in the top ten.,neutral,0,1,1,0,0,1,1,0,,1.0,0.0,1.0,0.0,1.0,0.0,1.0,0.0,,not + quantifier,not two,0,0,1,0,0,1,0,0,0,0,1
Not two years ago this company was ranked in the top ten.,Two years ago this company was not ranked in the top ten.,contradiction,0,1,1,0,0,1,1,0,,1.0,0.0,1.0,0.0,1.0,0.0,1.0,0.0,,not + quantifier,not two,0,0,1,0,0,0,0,0,0,0,1
Not two years ago this company was ranked in the top ten.,Two years ago this company was ranked in the top ten.,entailment,0,1,1,0,0,1,1,0,,,,,,,,,,,not + quantifier,not two,0,1,0,0,0,0,0,0,0,0,1
Not two years ago this company was ranked in the top ten.,Twenty years ago this company was not ranked in the top ten.,neutral,0,1,1,0,0,1,1,0,,1.0,0.0,1.0,0.0,1.0,0.0,1.0,0.0,,not + quantifier,not two,0,0,1,0,0,0,0,0,1,0,1
Not two years ago this company was ranked in the top ten.,Twenty years ago this company was ranked in the top ten.,neutral,0,1,1,0,0,1,1,0,,,,,,,,,,,not + quantifier,not two,0,1,0,0,0,0,0,0,1,0,1
Not two years ago this company was ranked in the top ten.,One year ago this company was ranked in the top ten.,contradiction,0,1,1,0,0,1,1,0,,,,,,,,,,,not + quantifier,not two,0,1,0,0,0,0,0,0,1,0,1
Not two years ago this company was ranked in the top ten.,One year ago this company was not ranked in the top ten.,entailment,0,1,1,0,0,1,1,0,,1.0,0.0,1.0,0.0,1.0,0.0,1.0,0.0,,not + quantifier,not two,0,0,1,0,0,0,0,0,1,0,1
He was here not ten minutes ago.,He was here less than ten minutes ago.,entailment,0,1,1,0,0,1,1,0,,,,,,,,,,,not + quantifier,not two,0,1,0,0,0,1,0,0,0,0,1
He was here not ten minutes ago.,He was not here less than ten minutes ago.,contradiction,0,1,1,0,0,1,1,0,,1.0,0.0,1.0,0.0,1.0,0.0,1.0,0.0,,not + quantifier,not two,0,0,1,0,0,1,0,0,0,0,1
He was here not ten minutes ago.,He was here more than ten minutes ago.,neutral,0,1,1,0,0,1,1,0,,,,,,,,,,,not + quantifier,not two,0,1,0,0,0,1,0,0,0,0,1
He was here not ten minutes ago.,He was not here more than ten minutes ago.,neutral,0,1,1,0,0,1,1,0,,1.0,0.0,1.0,0.0,1.0,0.0,1.0,0.0,,not + quantifier,not two,0,0,1,0,0,1,0,0,0,0,1
He was here not ten minutes ago.,He was not here ten minutes ago.,contradiction,0,1,1,0,0,1,1,0,,1.0,0.0,1.0,0.0,1.0,0.0,1.0,0.0,,not + quantifier,not two,0,0,1,0,0,0,0,0,0,0,1
He was here not ten minutes ago.,He was here ten minutes ago.,entailment,0,1,1,0,0,1,1,0,,,,,,,,,,,not + quantifier,not two,0,1,0,0,0,0,0,0,0,0,1
He was here not ten minutes ago.,He was here one minute ago.,contradiction,0,1,1,0,0,1,1,0,,,,,,,,,,,not + quantifier,not two,0,1,0,0,0,0,0,0,1,0,1
He was here not ten minutes ago.,He was not here one minute ago,entailment,0,1,1,0,0,1,1,0,,1.0,0.0,1.0,0.0,1.0,0.0,1.0,0.0,,not + quantifier,not two,0,0,1,0,0,0,0,0,1,0,1
He was here not ten minutes ago.,He was here twenty minutes ago.,neutral,0,1,1,0,0,1,1,0,,,,,,,,,,,not + quantifier,not two,0,1,0,0,0,0,0,0,1,0,1
He was here not ten minutes ago.,He was not here twenty minutes ago,neutral,0,1,1,0,0,1,1,0,,1.0,0.0,1.0,0.0,1.0,0.0,1.0,0.0,,not + quantifier,not two,0,0,1,0,0,0,0,0,1,0,1
His speech had caused not a little confusion.,His speech had not caused a little confusion.,entailment,0,1,1,0,0,1,1,0,,1.0,0.0,1.0,0.0,1.0,0.0,1.0,0.0,,not + quantifier,not a little,0,0,1,0,0,0,0,0,0,0,0
His speech had caused not a little confusion.,His speech had caused a little confusion.,contradiction,0,1,1,0,0,1,1,0,,,,,,,,,,,not + quantifier,not a little,0,1,0,0,0,0,0,0,0,0,0
His speech had caused not a little confusion.,His speech had not caused confusion.,contradiction,0,1,1,0,0,1,1,0,,1.0,0.0,1.0,0.0,1.0,0.0,1.0,0.0,,not + quantifier,not a little,1,0,1,0,0,0,0,0,0,0,0
His speech had caused not a little confusion.,His speech had caused confusion.,entailment,0,1,1,0,0,1,1,0,,,,,,,,,,,not + quantifier,not a little,1,1,0,0,0,0,0,0,0,0,0
His speech had caused not a little confusion.,His speech had caused a not little confusion.,entailment,0,1,1,0,0,1,1,0,,0.0,1.0,1.0,0.0,0.0,1.0,1.0,0.0,,not + quantifier,not a little,0,0,1,0,0,0,0,0,0,0,0
His speech had caused not a little confusion.,His speech had caused much confusion.,entailment,0,1,1,0,0,1,1,0,,,,,,,,,,,not + quantifier,not a little,1,1,0,0,0,0,0,0,0,0,0
His speech had caused not a little confusion.,His speech had not caused much confusion.,contradiction,0,1,1,0,0,1,1,0,,1.0,0.0,1.0,0.0,1.0,0.0,1.0,0.0,,not + quantifier,not a little,1,0,1,0,0,0,0,0,0,0,0
A mistake would be costly and not a little embarrassing.,A mistake would not be costly and a little embarassing,contradiction,0,1,1,0,0,1,1,0,,1.0,0.0,1.0,0.0,1.0,0.0,1.0,0.0,,not + quantifier,not a little,0,0,1,0,0,0,0,0,0,0,0
A mistake would be costly and not a little embarrassing.,A mistake would be costly and very embarassing,entailment,0,1,1,0,0,1,1,0,,,,,,,,,,,not + quantifier,not a little,1,1,0,0,0,0,0,0,0,0,0
A mistake would be costly and not a little embarrassing.,A mistake would not be costly and very embarassing,contradiction,0,1,1,0,0,1,1,0,,1.0,0.0,1.0,0.0,1.0,0.0,1.0,0.0,,not + quantifier,not a little,1,0,1,0,0,0,0,0,0,0,0
A mistake would be costly and not a little embarrassing.,A mistake would not be costly and not a little embarassing,contradiction,0,1,1,0,0,1,1,0,,1.0,0.0,1.0,0.0,1.0,0.0,1.0,0.0,,not + quantifier,not a little,0,1,0,0,0,0,0,0,0,0,0
Not even Ed approved of the plan,Even Ed did not approve of the plan.,entailment,0,1,1,0,0,1,1,0,,1.0,0.0,1.0,0.0,1.0,0.0,1.0,0.0,,not + focus particle,not even,0,0,1,0,0,0,0,0,0,0,0
Not even Ed approved of the plan,Even Ed approved of the plan.,contradiction,0,1,1,0,0,1,1,0,,,,,,,,,,,not + focus particle,not even,0,1,0,0,0,0,0,0,0,0,0
Not even Ed approved of the plan,Not only Ed approved of the plan.,contradiction,0,1,1,0,0,1,1,0,,0.0,1.0,1.0,0.0,0.0,1.0,1.0,0.0,,not + focus particle,not even,0,0,0,0,0,0,1,0,0,0,0
Not even Ed approved of the plan,Only Ed approved of the plan.,contradiction,0,1,1,0,0,1,1,0,,,,,,,,,,,not + focus particle,not even,0,1,0,0,0,0,1,0,0,0,0
Not even Ed approved of the plan,Only Ed did not approve of the plan.,contradiction,0,1,1,0,0,1,1,0,,1.0,0.0,1.0,0.0,1.0,0.0,1.0,0.0,,not + focus particle,not even,0,0,1,0,0,0,1,0,0,0,0
Not even Ed approved of the plan,Not even Ed or Sally approve of the plan.,neutral,0,1,1,0,0,1,1,0,,0.0,1.0,1.0,0.0,0.0,1.0,1.0,0.0,,not + focus particle,not even,0,0,0,0,0,0,0,1,0,0,0
Not only Ed approved of the plan.,Ed was not the only one who approved of the plan.,entailment,0,1,1,0,0,1,1,0,,1.0,0.0,1.0,0.0,1.0,0.0,1.0,0.0,,not + focus particle,not only,0,0,1,0,0,0,0,0,0,0,0
Not only Ed approved of the plan.,Not even Ed approved of the plan.,contradiction,0,1,1,0,0,1,1,0,,0.0,1.0,1.0,0.0,0.0,1.0,1.0,0.0,,not + focus particle,not only,0,0,0,0,0,0,1,0,0,0,0
Not only Ed approved of the plan.,Ed approved of the plan.,entailment,0,1,1,0,0,1,1,0,,,,,,,,,,,not + focus particle,not only,0,1,0,0,0,0,1,0,0,0,0
Not only Ed approved of the plan.,Ed not only approved of the plan.,neutral,0,1,1,0,0,1,1,0,,0.0,1.0,1.0,0.0,0.0,1.0,1.0,0.0,,not + focus particle,not only,0,0,1,0,0,0,0,0,0,0,0
Not only Ed approved of the plan.,Only Ed approved of the plan.,contradiction,0,1,1,0,0,1,1,0,,,,,,,,,,,not + focus particle,not only,0,1,0,0,0,0,0,0,0,0,0
Not only Ed approved of the plan.,Ed and some others approved of the plan.,entailment,0,1,1,0,0,1,1,0,,,,,,,,,,,not + focus particle,not only,1,1,0,0,0,0,1,0,0,0,0
Not even then did he lose patience.,"Even then, he did not lose patience.",entailment,0,1,1,0,0,1,1,0,,1.0,0.0,1.0,0.0,1.0,0.0,1.0,0.0,,not + focus particle,not even,0,0,1,0,0,0,0,0,0,0,0
Not even then did he lose patience.,He did not lose patience even then.,entailment,0,1,1,0,0,1,1,0,,1.0,0.0,1.0,0.0,1.0,0.0,1.0,0.0,,not + focus particle,not even,0,0,1,0,0,0,0,0,0,0,0
Not even then did he lose patience.,Not only then did he lose patience.,contradiction,0,1,1,0,0,1,1,0,,0.0,1.0,1.0,0.0,0.0,1.0,1.0,0.0,,not + focus particle,not even,0,0,0,0,0,0,1,0,0,0,0
Not even then did he lose patience.,Only then did he lose patience.,contradiction,0,1,1,0,0,1,1,0,,,,,,,,,,,not + focus particle,not even,0,1,0,0,0,0,1,0,0,0,0
"Not only was the acting appalling, the movie was far too long.",The movie was far too long and the acting was appalling.,entailment,0,1,1,0,0,1,1,0,,,,,,,,,,,not + focus particle,not only,0,1,0,0,0,0,1,0,0,0,0
"Not only was the acting appalling, the movie was far too long.",The movie was not only far too long but the acting was also appalling.,entailment,0,1,1,0,0,1,1,0,,0.0,1.0,1.0,0.0,0.0,1.0,1.0,0.0,,not + focus particle,not only,0,0,1,0,0,0,0,0,0,0,0
"Not only was the acting appalling, the movie was far too long.",The movie was far too long but the acting was not appalling.,contradiction,0,1,1,0,0,1,1,0,,1.0,0.0,1.0,0.0,1.0,0.0,1.0,0.0,,not + focus particle,not only,0,0,1,0,0,0,1,0,0,0,0
"Not only was the acting appalling, the movie was far too long.",The movie was not far too long but the acting was appalling.,contradiction,0,1,1,0,0,1,1,0,,1.0,0.0,1.0,0.0,1.0,0.0,1.0,0.0,,not + focus particle,not only,0,0,1,0,0,0,1,0,0,0,0
"Not only was the acting appalling, the movie was far too long.",The movie was not far too long and the acting was not appalling.,contradiction,0,1,1,0,0,1,1,0,,1.0,0.0,1.0,0.0,1.0,0.0,1.0,0.0,,not + focus particle,not only,0,1,0,0,0,0,1,0,0,0,0
"Not only was the acting appalling, the movie was far too long.",The movie was too long and not even the acting was not appalling.,entailment,0,1,1,0,0,1,1,0,,1.0,1.0,1.0,0.0,1.0,1.0,1.0,0.0,,not + focus particle,not only,0,1,1,0,0,0,1,0,0,0,0
"Not only was the acting appalling, the movie was far too long.",The movie was not too long and not even the acting was appalling.,contradiction,0,1,1,0,0,1,1,0,,1.0,1.0,1.0,0.0,1.0,1.0,1.0,0.0,,not + focus particle,not only,0,1,1,0,0,0,1,0,0,0,0
We had a not very amicable discussion.,We did not have a very amicable discussion.,entailment,0,1,1,0,0,1,1,0,,1.0,0.0,1.0,0.0,1.0,0.0,1.0,0.0,,not + degree expression,not very,0,0,1,0,0,0,0,0,0,0,0
We had a not very amicable discussion.,We did not have a discussion.,contradiction,0,1,1,0,0,1,1,0,,1.0,0.0,1.0,0.0,1.0,0.0,1.0,0.0,,not + degree expression,not very,0,0,1,0,0,0,0,1,0,0,0
We had a not very amicable discussion.,We had a very amicable discussion.,contradiction,0,1,1,0,0,1,1,0,,,,,,,,,,,not + degree expression,not very,0,1,0,0,0,0,0,0,0,0,0
We had a not very amicable discussion.,We had a very not amicable discussion.,neutral,0,1,1,0,0,1,1,0,,0.0,1.0,1.0,0.0,0.0,1.0,1.0,0.0,,not + degree expression,not very,0,0,1,0,0,0,0,0,0,0,0
It somehow sounded not quite right.,It somehow did not sound quite right.,entailment,0,1,1,0,0,1,1,0,,1.0,0.0,1.0,0.0,1.0,0.0,1.0,0.0,,not + degree expression,not very,0,0,1,0,0,0,0,0,0,0,0
It somehow sounded not quite right.,It somehow did not sound right.,entailment,0,1,1,0,0,1,1,0,,1.0,0.0,1.0,0.0,1.0,0.0,1.0,0.0,,not + degree expression,not very,1,0,1,0,0,0,0,0,0,0,0
It somehow sounded not quite right.,It somehow sounded quite not right.,neutral,0,1,1,0,0,1,1,0,,0.0,1.0,1.0,0.0,0.0,1.0,1.0,0.0,,not + degree expression,not very,0,0,1,0,0,0,0,0,0,0,0
It somehow sounded not quite right.,It somehow sounded quite right.,contradiction,0,1,1,0,0,1,1,0,,,,,,,,,,,not + degree expression,not very,0,1,0,0,0,0,0,0,0,0,0
It was so not funny.,It was not so funny.,entailment,0,1,1,0,0,1,1,0,,1.0,0.0,1.0,0.0,1.0,0.0,1.0,0.0,,not + degree expression,not very,0,0,1,0,0,0,0,0,0,0,0
It was so not funny.,It was not funny.,entailment,0,1,1,0,0,1,1,0,,1.0,0.0,1.0,0.0,1.0,0.0,1.0,0.0,,not + degree expression,not very,1,0,0,0,0,0,0,0,0,0,0
It was so not funny.,It was so boring.,neutral,0,1,1,0,0,1,1,0,,,,,,,,,,,not + degree expression,not very,0,1,0,0,0,0,0,1,0,0,0
I found his story not wholly convincing.,I did not find his story wholly convincing.,entailment,0,1,1,0,0,1,1,0,,1.0,0.0,1.0,0.0,1.0,0.0,1.0,0.0,,not + degree expression,not very,0,0,1,0,0,0,0,0,0,0,0
I found his story not wholly convincing.,I found his story wholly not convincing.,contradiction,0,1,1,0,0,1,1,0,,0.0,1.0,1.0,0.0,0.0,1.0,1.0,0.0,,not + degree expression,not very,0,0,1,0,0,0,0,0,0,0,0
I found his story not wholly convincing.,I found his story wholly convincing.,contradiction,0,1,1,0,0,1,1,0,,,,,,,,,,,not + degree expression,not very,0,1,0,0,0,0,0,0,0,0,0
I found his story not wholly convincing.,I did not find his story wholly not convincing.,entailment,0,1,1,0,0,1,1,0,,1.0,0.0,1.0,0.0,1.0,0.0,1.0,0.0,,not + degree expression,not very,0,1,1,0,0,0,0,0,0,0,0
He spoke not very confidently.,He did not speak very confidently.,entailment,0,1,1,0,0,1,1,0,,1.0,0.0,1.0,0.0,1.0,0.0,1.0,0.0,,not + degree expression,not very,0,0,1,0,0,0,0,0,0,0,0
He spoke not very confidently.,He spoke very not confidently.,contradiction,0,1,1,0,0,1,1,0,,0.0,1.0,1.0,0.0,0.0,1.0,1.0,0.0,,not + degree expression,not very,0,0,1,0,0,0,0,0,0,0,0
He spoke not very confidently.,He spoke very confidently.,contradiction,0,1,1,0,0,1,1,0,,,,,,,,,,,not + degree expression,not very,0,1,0,0,0,0,0,0,0,0,0
He spoke not very confidently.,He did not speak not very confidently.,contradiction,0,1,1,0,0,1,1,0,,1.0,1.0,1.0,0.0,1.0,1.0,1.0,0.0,,not + degree expression,not very,0,1,1,0,0,0,0,0,0,0,0
He spoke not very confidently.,He did not speak very not confidently.,entailment,0,1,1,0,0,1,1,0,,1.0,1.0,1.0,0.0,1.0,1.0,1.0,0.0,,not + degree expression,not very,0,1,1,0,0,0,0,0,0,0,0
Not many of them had been damaged.,Many of them had not been damaged.,entailment,0,1,1,0,0,1,1,0,,1.0,0.0,1.0,0.0,1.0,0.0,1.0,0.0,,not + quantifier,not all,0,0,1,0,0,0,0,0,0,0,1
Not many of them had been damaged.,Many of them had been damaged.,contradiction,0,1,1,0,0,1,1,0,,,,,,,,,,,not + quantifier,not all,0,1,0,0,0,0,0,0,0,0,1
Not many of them had been damaged.,Some of them had been damaged.,entailment,0,1,1,0,0,1,1,0,,,,,,,,,,,not + quantifier,not all,1,1,0,0,0,0,0,0,0,0,1
Not many of them had been damaged.,Some of them had not been damaged.,contradiction,0,1,1,0,0,1,1,0,,1.0,0.0,1.0,0.0,1.0,0.0,1.0,0.0,,not + quantifier,not all,1,0,1,0,0,0,0,0,0,0,1
It was a not undistinguished private university with a large endowment.,It was not an undistinguished private university with a large endowment.,entailment,0,1,1,1,0,1,1,0,,1.0,1.0,1.0,1.0,1.0,1.0,1.0,0.0,,not + affixially negated gradable adjective,not unattractive,0,0,1,0,0,0,0,0,0,0,1
It was a not undistinguished private university with a large endowment.,It was not a distinguished private university with a large endowment.,neutral,0,1,1,1,0,1,1,0,,1.0,0.0,1.0,0.0,1.0,0.0,1.0,0.0,,not + affixially negated gradable adjective,not unattractive,0,1,1,0,0,0,0,0,0,0,1
It was a not undistinguished private university with a large endowment.,It was a distinguished private university with a large endowment.,neutral,0,1,1,1,0,1,1,0,,,,,,,,,,,not + affixially negated gradable adjective,not unattractive,0,2,0,0,0,0,0,0,0,0,1
It was a not undistinguished private university with a large endowment.,It was an undistinguished private university with a large endowment.,contradiction,0,1,1,1,0,1,1,0,,0.0,1.0,0.0,1.0,0.0,1.0,1.0,0.0,,not + affixially negated gradable adjective,not unattractive,0,1,0,0,0,0,0,0,0,0,1
She had a not inconsiderable income.,She did not have a considerable income.,neutral,0,1,1,1,0,1,1,0,,1.0,0.0,1.0,0.0,1.0,0.0,1.0,0.0,,not + affixially negated gradable adjective,not unattractive,0,1,1,0,0,0,0,0,0,0,1
She had a not inconsiderable income.,She had a considerable income.,neutral,0,1,1,1,0,1,1,0,,,,,,,,,,,not + affixially negated gradable adjective,not unattractive,0,2,0,0,0,0,0,0,0,0,1
She had a not inconsiderable income.,She had a not considerable income.,neutral,0,1,1,1,0,1,1,0,,0.0,1.0,1.0,0.0,0.0,1.0,1.0,0.0,,not + affixially negated gradable adjective,not unattractive,0,1,0,0,0,0,0,0,0,0,1
She had a not inconsiderable income.,She did not have an inconsiderable income.,entailment,0,1,1,1,0,1,1,0,,1.0,1.0,1.0,1.0,1.0,1.0,1.0,0.0,,not + affixially negated gradable adjective,not unattractive,0,0,1,0,0,0,0,0,0,0,1
She had a not inconsiderable income.,She had an inconsiderable income.,contradiction,0,1,1,1,0,1,1,0,,0.0,1.0,0.0,1.0,0.0,1.0,1.0,0.0,,not + affixially negated gradable adjective,not unattractive,0,1,0,0,0,0,0,0,0,0,1
"They had fixed the walls, and purchased some not inelegant furniture.","They had fixed the walls, and did not purchase any inelegant furniture.",entailment,0,1,1,1,0,1,1,0,,1.0,1.0,1.0,1.0,1.0,1.0,1.0,0.0,,not + affixially negated gradable adjective,not unattractive,1,0,1,0,0,0,0,0,0,0,1
"They had fixed the walls, and purchased some not inelegant furniture.","They had fixed the walls, but did not purchase any elegant furniture.",neutral,0,1,1,1,0,1,1,0,,1.0,0.0,1.0,0.0,1.0,0.0,1.0,0.0,,not + affixially negated gradable adjective,not unattractive,1,1,1,0,0,0,0,0,0,0,1
"They had fixed the walls, and purchased some not inelegant furniture.","They had fixed the walls, but purchased some not elegant furniture.",neutral,0,1,1,1,0,1,1,0,,0.0,1.0,1.0,0.0,0.0,1.0,1.0,0.0,,not + affixially negated gradable adjective,not unattractive,0,1,0,0,0,0,0,0,0,0,1
"They had fixed the walls, and purchased some not inelegant furniture.","They had fixed the walls, and purchased some inelegant furniture.",contradiction,0,1,1,1,0,1,1,0,,0.0,1.0,0.0,1.0,0.0,1.0,1.0,0.0,,not + affixially negated gradable adjective,not unattractive,0,1,0,0,0,0,0,0,0,0,1
"They had fixed the walls, and purchased some not inelegant furniture.","They had fixed the walls, and purchased some elegant furniture.",neutral,0,1,1,1,0,1,1,0,,,,,,,,,,,not + affixially negated gradable adjective,not unattractive,0,2,0,0,0,0,0,0,0,0,1
That model is not available.,That model is unavailable.,entailment,1,0,1,0,1,0,1,0,,0.0,1.0,0.0,1.0,1.0,0.0,1.0,0.0,,verbal vs affixal negation,not common vs uncommon,0,0,0,0,1,0,0,0,0,0,0
Such mistakes are not common.,Such mistakes are uncommon.,neutral,1,0,1,0,1,0,1,0,,1.0,0.0,0.0,1.0,1.0,0.0,1.0,0.0,,verbal vs affixal negation,not common vs uncommon,0,0,0,0,1,0,0,0,0,0,0
"Not unexpectedly, Charles was late for the meeting.","Unexpectedly, Charles was not late for the meeting.",contradiction,0,1,1,1,0,1,1,0,,1.0,1.0,1.0,1.0,1.0,1.0,1.0,0.0,,not + affixially negated adverb,not unexpectedly,0,0,1,0,0,0,0,0,0,0,0
"Not unexpectedly, Charles was late for the meeting.","Unexpectedly, Charles was late for the meeting.",contradiction,0,1,1,1,0,1,1,0,,0.0,1.0,0.0,1.0,0.0,1.0,1.0,0.0,,not + affixially negated adverb,not unexpectedly,0,1,0,0,0,0,0,0,0,0,0
"Not unexpectedly, Charles was late for the meeting.","Expectedly, Charles was late for the meeting.",entailment,0,1,1,1,0,1,1,0,,,,,,,,,,,not + affixially negated adverb,not unexpectedly,0,2,0,0,0,0,0,0,0,0,0
"Not unexpectedly, Charles was late for the meeting.","Expectedly, Charles was not late for the meeting.",contradiction,0,1,1,1,0,1,1,0,,1.0,0.0,1.0,0.0,1.0,0.0,1.0,0.0,,not + affixially negated adverb,not unexpectedly,0,1,1,0,0,0,0,0,0,0,0
"Not unreasonably, he asked for payment in advance.","Unreasonably, he did not ask for payment in advance.",contradiction,0,1,1,1,0,1,1,0,,1.0,1.0,1.0,1.0,1.0,1.0,1.0,0.0,,not + affixially negated adverb,not unexpectedly,0,0,1,0,0,0,0,0,0,0,0
"Not unreasonably, he asked for payment in advance.","Unreasonably, he asked for payment in advance.",contradiction,0,1,1,1,0,1,1,0,,0.0,1.0,0.0,1.0,0.0,1.0,1.0,0.0,,not + affixially negated adverb,not unexpectedly,0,1,0,0,0,0,0,0,0,0,0
"Not unreasonably, he asked for payment in advance.","Reasonably, he asked for payment in advance.",entailment,0,1,1,1,0,1,1,0,,,,,,,,,,,not + affixially negated adverb,not unexpectedly,0,2,0,0,0,0,0,0,0,0,0
"Not unreasonably, he asked for payment in advance.","Reasonably, he did not ask for payment in advance.",contradiction,0,1,1,1,0,1,1,0,,1.0,0.0,1.0,0.0,1.0,0.0,1.0,0.0,,not + affixially negated adverb,not unexpectedly,0,1,1,0,0,0,0,0,0,0,0
"Not surprisingly, they didn't want any part of it.","Surprisingly, they didn't want any part of it.",contradiction,0,1,1,0,0,1,1,0,,1.0,0.0,0.0,1.0,1.0,0.0,1.0,0.0,,not + affixially negated adverb,not unexpectedly,0,1,0,0,0,0,0,0,0,0,0
"Not surprisingly, they didn't want any part of it.","Surprisingly, they wanted some part of it.",contradiction,0,1,1,0,0,1,1,0,,,,,,,,,,,not + affixially negated adverb,not unexpectedly,1,2,0,0,0,0,0,0,0,0,0
"Not surprisingly, they didn't want any part of it.","Not unsurprisingly, they didn't want any part of it.",contradiction,0,1,1,0,0,1,1,0,,1.0,1.0,1.0,1.0,1.0,1.0,1.0,0.0,,not + affixially negated adverb,not unexpectedly,0,1,0,0,0,0,0,0,0,0,0
"Not surprisingly, they didn't want any part of it.","Not surprisingly, they wanted some part of it.",contradiction,0,1,1,0,0,1,1,0,,0.0,1.0,1.0,0.0,0.0,1.0,1.0,0.0,,not + affixially negated adverb,not unexpectedly,1,1,0,0,0,0,0,0,0,0,0
Not at any stage of the proceedings did she contemplate giving up.,She did not contemplate giving up at any stage of the proceedings.,entailment,0,1,1,0,0,1,1,0,,1.0,0.0,1.0,0.0,1.0,0.0,1.0,0.0,,not + pp,not for the first time,0,0,1,0,0,0,0,0,0,0,0
Not at any stage of the proceedings did she contemplate giving up.,She did not contemplate giving up.,entailment,0,1,1,0,0,1,1,0,,1.0,0.0,1.0,0.0,1.0,0.0,1.0,0.0,,not + pp,not for the first time,0,0,1,1,0,0,0,0,0,0,0
Not at any stage of the proceedings did she contemplate giving up.,She contemplated giving up at some stages of the proceedings.,contradiction,0,1,1,0,0,1,1,0,,,,,,,,,,,not + pp,not for the first time,1,1,0,0,0,0,0,0,0,0,0
Not at any stage of the proceedings did she contemplate giving up.,At no stage of the proceedings did she contemplate giving up.,entailment,0,1,1,0,0,1,1,0,,0.0,1.0,0.0,1.0,0.0,1.0,1.0,0.0,,not + pp,not for the first time,1,0,0,0,1,0,0,0,0,0,0
Not at any stage of the proceedings did she contemplate giving up.,She did not contemplate giving up at some stages of the proceedings.,entailment,0,1,1,0,0,1,1,0,,1.0,0.0,1.0,0.0,1.0,0.0,1.0,0.0,,not + pp,not for the first time,1,0,1,0,0,0,0,0,0,0,0
"Not for the first time, she felt utterly betrayed.",She did not feel utterly betrayed for the first time.,entailment,0,1,1,0,0,1,1,0,,1.0,0.0,1.0,0.0,1.0,0.0,1.0,0.0,,not + pp,not for the first time,0,0,1,0,0,0,0,0,0,0,1
"Not for the first time, she felt utterly betrayed.",She did not feel utterly betrayed for the second time.,neutral,0,1,1,0,0,1,1,0,,1.0,0.0,1.0,0.0,1.0,0.0,1.0,0.0,,not + pp,not for the first time,0,0,1,0,0,0,0,0,1,0,1
"Not for the first time, she felt utterly betrayed.",She did not feel utterly betrayed for the twentieth time.,neutral,0,1,1,0,0,1,1,0,,1.0,0.0,1.0,0.0,1.0,0.0,1.0,0.0,,not + pp,not for the first time,0,0,1,0,0,0,0,0,1,0,1
"Not for the first time, she felt utterly betrayed.",She had not felt utterly betrayed before.,contradiction,0,1,1,0,0,1,1,0,,1.0,0.0,1.0,0.0,1.0,0.0,1.0,0.0,,not + pp,not for the first time,0,0,1,0,0,0,0,1,0,0,1
"Not for the first time, she felt utterly betrayed.",She had felt utterly betrayed before.,entailment,0,1,1,0,0,1,1,0,,,,,,,,,,,not + pp,not for the first time,0,1,0,0,0,0,0,1,0,0,1
"Not for the first time, she felt utterly betrayed.",She did not feel utterly betrayed.,contradiction,0,1,1,0,0,1,1,0,,1.0,0.0,1.0,0.0,1.0,0.0,1.0,0.0,,not + pp,not for the first time,0,0,1,1,0,0,0,0,0,0,1
"Not for the first time, she felt utterly betrayed.",She felt utterly betrayed for the first time.,contradiction,0,1,1,0,0,1,1,0,,,,,,,,,,,not + pp,not for the first time,0,1,0,0,0,0,0,0,0,0,1
"Not for the first time, she felt utterly betrayed.",She felt utterly betrayed for the second time.,neutral,0,1,1,0,0,1,1,0,,,,,,,,,,,not + pp,not for the first time,0,1,0,0,0,0,0,0,1,0,1
"Not for the first time, she felt utterly betrayed.",She felt utterly betrayed for the twentieth time.,neutral,0,1,1,0,0,1,1,0,,,,,,,,,,,not + pp,not for the first time,0,1,0,0,0,0,0,0,1,0,1
"Not for the first time, she felt utterly betrayed.",It was not the first time that she felt utterly betrayed.,entailment,0,1,1,0,0,1,1,0,,1.0,0.0,1.0,0.0,1.0,0.0,1.0,0.0,,not + pp,not for the first time,0,0,0,0,0,0,0,0,0,1,1
"Not an accomplished dancer, he moved rather clumsily.","Though not an accomplished dancer, he did not move clumsily.",contradiction,0,1,1,0,0,1,1,0,,1.0,1.0,1.0,0.0,1.0,1.0,1.0,0.0,,not in verbless clause,someone not afraid of taking risks,0,1,0,0,0,0,0,0,0,0,0
"Not an accomplished dancer, he moved rather clumsily.","Being an accomplished dancer, he did not move clumsily.",contradiction,0,1,1,0,0,1,1,0,,1.0,0.0,1.0,0.0,1.0,0.0,1.0,0.0,,not in verbless clause,someone not afraid of taking risks,0,0,1,0,0,0,0,0,0,0,0
"Not an accomplished dancer, he moved rather clumsily.","Though being an accomplished dancer, he moved rather clumsily.",contradiction,0,1,1,0,0,1,1,0,,,,,,,,,,,not in verbless clause,someone not afraid of taking risks,0,1,0,0,0,0,0,0,0,0,0
"Not an accomplished dancer, he moved rather clumsily.",He moved rather clumsily because he was not an accomplished dancer.,entailment,0,1,1,0,0,1,1,0,,1.0,0.0,1.0,0.0,1.0,0.0,1.0,0.0,,not in verbless clause,someone not afraid of taking risks,0,0,0,0,0,0,0,0,0,1,0
"Not under any illusions about the matter, he continued to be cautious.","Under some illusions about the matter, he did not continue to be cautious.",contradiction,0,1,1,0,0,1,1,0,,1.0,0.0,1.0,0.0,1.0,0.0,1.0,0.0,,not in verbless clause,someone not afraid of taking risks,1,0,1,0,0,0,0,0,0,0,0
"Not under any illusions about the matter, he continued to be cautious.","Under some illusions about the matter, he continued to be cautious.",contradiction,0,1,1,0,0,1,1,0,,,,,,,,,,,not in verbless clause,someone not afraid of taking risks,1,1,0,0,0,0,0,0,0,0,0
"Not under any illusions about the matter, he continued to be cautious.","Though not under any illusions about the matter, he did not continue to be cautious.",contradiction,0,1,1,0,0,1,1,0,,1.0,1.0,1.0,0.0,1.0,1.0,1.0,0.0,,not in verbless clause,someone not afraid of taking risks,0,1,0,0,0,0,0,0,0,0,0
"Not under any illusions about the matter, he continued to be cautious.",He continued to be cautious because he was not under any illusions about the matter.,entailment,0,1,1,0,0,1,1,0,,1.0,0.0,1.0,0.0,1.0,0.0,1.0,0.0,,not in verbless clause,someone not afraid of taking risks,0,0,0,0,0,0,0,0,0,1,0
"Not under any illusions about the matter, he continued to be cautious.",He continued to be cautious.,entailment,0,1,1,0,0,1,1,0,,,,,,,,,,,not in verbless clause,someone not afraid of taking risks,0,1,0,1,0,0,0,0,0,0,0
"Not under any illusions about the matter, he continued to be cautious.",He didn't continue to be cautious.,contradiction,0,1,1,0,0,1,1,0,,1.0,0.0,0.0,1.0,1.0,0.0,1.0,0.0,,not in verbless clause,someone not afraid of taking risks,0,0,1,0,0,0,0,0,0,0,0
We need someone not afraid of taking risks.,We do not need someone afraid of taking risks.,entailment,0,1,1,0,0,1,1,0,,1.0,0.0,1.0,0.0,1.0,0.0,1.0,0.0,,not in verbless clause,someone not afraid of taking risks,0,0,1,0,0,0,0,0,0,0,0
We need someone not afraid of taking risks.,We do not need someone not afraid of taking risks.,contradiction,0,1,1,0,0,1,1,0,,1.0,1.0,1.0,0.0,1.0,1.0,1.0,0.0,,not in verbless clause,someone not afraid of taking risks,0,1,0,0,0,0,0,0,0,0,0
We need someone not afraid of taking risks.,We need someone afraid of taking risks.,contradiction,0,1,1,0,0,1,1,0,,,,,,,,,,,not in verbless clause,someone not afraid of taking risks,0,1,0,0,0,0,0,0,0,0,0
"There are spare blankets in here, not that you'll have any need of them.","There are no spare blankets in here, not that you'll have any need of them.",contradiction,0,1,1,0,0,1,1,0,,0.0,1.0,1.0,1.0,1.0,1.0,1.0,0.0,,not in implicit proposition,not that,0,1,0,0,0,0,0,0,0,0,0
"There are spare blankets in here, not that you'll have any need of them.","There are no spare blankets in here, you'll need them.",contradiction,0,1,1,0,0,1,1,0,,0.0,1.0,0.0,1.0,1.0,0.0,1.0,0.0,,not in implicit proposition,not that,0,0,1,1,1,0,0,0,0,0,0
"There are spare blankets in here, not that you'll have any need of them.","There are spare blankets in here, you will not have any need of them.",entailment,0,1,1,0,0,1,1,0,,1.0,0.0,1.0,0.0,1.0,0.0,1.0,0.0,,not in implicit proposition,not that,0,0,1,0,0,0,0,0,0,0,0
"There are spare blankets in here, not that you'll have any need of them.","There are spare blankets in here, you'll need them.",contradiction,0,1,1,0,0,1,1,0,,,,,,,,,,,not in implicit proposition,not that,0,1,0,1,0,0,0,0,0,0,0
"They are now leaving not on Friday, but on Saturday.","They are now leaving on Friday, not on Saturday.",contradiction,0,1,1,0,0,1,1,0,,0.0,1.0,1.0,0.0,0.0,1.0,1.0,0.0,,not in coordination,"not on Friday, but on Saturday",0,0,1,0,0,0,0,0,0,0,0
"They are now leaving not on Friday, but on Saturday.",They are now leaving on Saturday instead of Friday.,entailment,0,1,1,0,0,1,1,0,,0.0,1.0,0.0,1.0,0.0,1.0,1.0,0.0,,not in coordination,"not on Friday, but on Saturday",0,1,0,0,0,0,0,0,0,0,0
"They are now leaving not on Friday, but on Saturday.","They are now leaving not on Saturday, but on Friday.",contradiction,0,1,1,0,0,1,1,0,,0.0,1.0,1.0,0.0,0.0,1.0,1.0,0.0,,not in coordination,"not on Friday, but on Saturday",0,0,1,0,0,0,0,0,0,0,0
"They are now leaving not on Friday, but on Saturday.",They are now leaving on Saturday.,entailment,0,1,1,0,0,1,1,0,,,,,,,,,,,not in coordination,"not on Friday, but on Saturday",0,1,0,1,0,0,0,0,0,0,0
"They are now leaving not on Friday, but on Saturday.",They are now not leaving on Saturday.,contradiction,0,1,1,0,0,1,1,0,,1.0,0.0,1.0,0.0,1.0,0.0,1.0,0.0,,not in coordination,"not on Friday, but on Saturday",0,0,0,1,0,0,0,0,0,0,0
"They are now leaving not on Friday, but on Saturday.",They are now leaving on Friday.,contradiction,0,1,1,0,0,1,1,0,,,,,,,,,,,not in coordination,"not on Friday, but on Saturday",0,1,0,1,0,0,0,0,0,0,0
"They are now leaving on Saturday, not on Friday.","They are now leaving not on Saturday, but on Friday.",contradiction,0,1,1,0,0,1,1,0,,0.0,1.0,1.0,0.0,0.0,1.0,1.0,0.0,,not in coordination,"not on Friday, but on Saturday",0,0,1,0,0,0,0,0,0,0,0
"They are now leaving on Saturday, not on Friday.",They are now leaving on Saturday instead of Friday.,entailment,0,1,1,0,0,1,1,0,,0.0,1.0,0.0,1.0,0.0,1.0,1.0,0.0,,not in coordination,"not on Friday, but on Saturday",0,1,0,0,0,0,0,0,0,0,0
"They are now leaving on Saturday, not on Friday.","They are now leaving not on Friday, but on Saturday.",entailment,0,1,1,0,0,1,1,0,,0.0,1.0,1.0,0.0,0.0,1.0,1.0,0.0,,not in coordination,"not on Friday, but on Saturday",0,0,1,0,0,0,0,0,0,0,0
"They are now leaving on Saturday, not on Friday.",They are now leaving on Saturday.,entailment,0,1,1,0,0,1,1,0,,,,,,,,,,,not in coordination,"not on Friday, but on Saturday",0,1,0,1,0,0,0,0,0,0,0
"They are now leaving on Saturday, not on Friday.",They are now not leaving on Saturday.,contradiction,0,1,1,0,0,1,1,0,,1.0,0.0,1.0,0.0,1.0,0.0,1.0,0.0,,not in coordination,"not on Friday, but on Saturday",0,0,1,1,0,0,0,0,0,0,0
"They are now leaving on Saturday, not on Friday.",They are now not leaving on Friday.,entailment,0,1,1,0,0,1,1,0,,1.0,0.0,1.0,0.0,1.0,0.0,1.0,0.0,,not in coordination,"not on Friday, but on Saturday",0,0,1,1,0,0,0,0,0,0,0
"They've invited you and your brother, but not me.","They've invited you and your brother, and me.",contradiction,0,1,1,0,0,1,1,0,,,,,,,,,,,not in coordination,"not on Friday, but on Saturday",0,1,0,0,0,0,0,0,0,0,0
"They've invited you and your brother, but not me.","They've invited not you and your brother, but me.",contradiction,0,1,1,0,0,1,1,0,,0.0,1.0,1.0,0.0,0.0,1.0,1.0,0.0,,not in coordination,"not on Friday, but on Saturday",0,0,1,0,0,0,0,0,0,0,0
"They've invited you and your brother, but not me.","They've invited not you and your brother, nor me.",contradiction,0,1,1,0,0,1,1,0,,0.0,1.0,1.0,1.0,0.0,1.0,1.0,0.0,,not in coordination,"not on Friday, but on Saturday",0,0,1,0,0,0,0,0,0,0,0
"They've invited you and your brother, but not me.",They've invited me.,contradiction,0,1,1,0,0,1,1,0,,,,,,,,,,,not in coordination,"not on Friday, but on Saturday",0,1,0,1,0,0,0,0,0,0,0
"They've invited you and your brother, but not me.",They've invited you.,entailment,0,1,1,0,0,1,1,0,,,,,,,,,,,not in coordination,"not on Friday, but on Saturday",0,1,0,1,0,0,0,0,0,0,0
"They've invited you and your brother, but not me.",They've invited your brother.,entailment,0,1,1,0,0,1,1,0,,,,,,,,,,,not in coordination,"not on Friday, but on Saturday",0,1,0,1,0,0,0,0,0,0,0
"They've invited you and your brother, but not me.",They have not invited me.,entailment,0,1,1,0,0,1,1,0,,1.0,0.0,1.0,0.0,1.0,0.0,1.0,0.0,,not in coordination,"not on Friday, but on Saturday",0,0,1,1,0,0,0,0,0,0,0
"They've invited you and your brother, but not me.",They have not invited your brother.,contradiction,0,1,1,0,0,1,1,0,,1.0,0.0,1.0,0.0,1.0,0.0,1.0,0.0,,not in coordination,"not on Friday, but on Saturday",0,0,1,1,0,0,0,0,0,0,0
"They've invited you and your brother, but not me.",They have not invited you.,contradiction,0,1,1,0,0,1,1,0,,1.0,0.0,1.0,0.0,1.0,0.0,1.0,0.0,,not in coordination,"not on Friday, but on Saturday",0,0,1,1,0,0,0,0,0,0,0
"They've invited you and your brother, but not me.","They've invited you and me, but not your brother.",contradiction,0,1,1,0,0,1,1,0,,0.0,1.0,1.0,0.0,0.0,1.0,1.0,0.0,,not in coordination,"not on Friday, but on Saturday",0,0,1,0,0,0,0,0,0,0,0
"The night turned cold under a sky with stars that shone, not twinkled, in the diamond-clear air.","The night turned cold under a sky with stars that twinkled, not shone, in the diamond-clear air.",contradiction,0,1,1,0,0,1,1,0,,1.0,0.0,1.0,0.0,0.0,1.0,1.0,0.0,,not in coordination,"not on Friday, but on Saturday",0,0,1,0,0,0,0,0,0,0,0
"The night turned cold under a sky with stars that shone, not twinkled, in the diamond-clear air.","The night turned cold under a sky with stars that did not twinkle, but shone, in the diamond-clear air.",entailment,0,1,1,0,0,1,1,0,,1.0,0.0,1.0,0.0,0.0,1.0,1.0,0.0,,not in coordination,"not on Friday, but on Saturday",0,0,0,0,0,0,0,0,0,1,0
"The night turned cold under a sky with stars that shone, not twinkled, in the diamond-clear air.","The night turned cold under a sky with stars that did not shine, but twinkled, in the diamond-clear air.",contradiction,0,1,1,0,0,1,1,0,,1.0,0.0,1.0,0.0,0.0,1.0,1.0,0.0,,not in coordination,"not on Friday, but on Saturday",0,0,1,0,0,0,0,0,0,0,0
"The night turned cold under a sky with stars that shone, not twinkled, in the diamond-clear air.",The night turned cold under a sky with stars that shone and twinkled in the diamond-clear air.,contradiction,0,1,1,0,0,1,1,0,,,,,,,,,,,not in coordination,"not on Friday, but on Saturday",0,1,0,0,0,0,0,0,0,0,0
She rarely goes out these days.,She doesn't go out often these days.,entailment,0,1,0,1,0,1,1,0,,1.0,0.0,0.0,1.0,1.0,0.0,1.0,0.0,,approximate negator,rarely,1,1,0,0,0,0,0,0,0,0,1
She rarely goes out these days.,She never goes out these days.,contradiction,0,1,0,1,0,1,1,0,,1.0,0.0,0.0,1.0,1.0,0.0,1.0,0.0,,approximate negator,rarely,1,0,0,0,0,0,0,0,0,0,1
She rarely goes out these days.,She doesn't go out these days.,contradiction,0,1,0,1,0,1,1,0,,1.0,0.0,1.0,0.0,1.0,0.0,1.0,0.0,,approximate negator,rarely,1,1,0,0,0,0,0,0,0,0,1
She rarely goes out these days.,"She goes out these days, but not often.",entailment,0,1,0,1,0,1,1,0,,0.0,1.0,1.0,0.0,0.0,1.0,1.0,0.0,,approximate negator,rarely,1,1,0,0,0,0,0,0,0,0,1
This phone hardly lags.,This phone never lags.,contradiction,0,1,0,1,0,1,1,0,,1.0,0.0,0.0,1.0,1.0,0.0,1.0,0.0,,approximate negator,rarely,1,0,0,0,0,0,0,0,0,0,1
This phone hardly lags.,This phone does not lag.,contradiction,0,1,0,1,0,1,1,0,,1.0,0.0,1.0,0.0,1.0,0.0,1.0,0.0,,approximate negator,rarely,1,1,0,0,0,0,0,0,0,0,1
This phone hardly lags.,This phone does not lag often.,entailment,0,1,0,1,0,1,1,0,,1.0,0.0,1.0,0.0,1.0,0.0,1.0,0.0,,approximate negator,rarely,1,1,0,0,0,0,0,0,0,0,1
This phone hardly lags.,"This phone lags, but not often.",entailment,0,1,0,1,0,1,1,0,,0.0,1.0,1.0,0.0,0.0,1.0,1.0,0.0,,approximate negator,rarely,1,1,0,0,0,0,0,0,0,0,1
Little of the liquid spilled.,Not much of the liquid spilled.,entailment,0,1,0,1,0,1,1,0,,0.0,1.0,1.0,0.0,0.0,1.0,1.0,0.0,,approximate negator,rarely,1,1,0,0,0,0,0,0,0,0,1
Little of the liquid spilled.,None of the liquid spilled.,contradiction,0,1,0,1,0,1,1,0,,0.0,1.0,0.0,1.0,0.0,1.0,1.0,0.0,,approximate negator,rarely,1,0,0,0,0,0,0,0,0,0,1
Little of the liquid spilled.,Lots of the liquid spilled.,contradiction,0,1,0,1,0,1,1,0,,,,,,,,,,,approximate negator,rarely,1,0,0,0,0,0,0,0,0,0,1
Little of the liquid spilled.,"The liquid spilled, but not much.",entailment,0,1,0,1,0,1,1,0,,0.0,1.0,1.0,0.0,0.0,1.0,1.0,0.0,,approximate negator,rarely,1,1,0,0,0,0,0,0,0,0,1
One seldom sees such birds.,One doesn't often see such birds.,entailment,0,1,0,1,0,1,1,0,,1.0,0.0,0.0,1.0,1.0,0.0,1.0,0.0,,approximate negator,rarely,1,1,0,0,0,0,0,0,0,0,1
One seldom sees such birds.,One doesn't see such birds.,contradiction,0,1,0,1,0,1,1,0,,1.0,0.0,0.0,1.0,1.0,0.0,1.0,0.0,,approximate negator,rarely,1,1,0,0,0,0,0,0,0,0,1
One seldom sees such birds.,"One sees such birds, but not often.",entailment,0,1,0,1,0,1,1,0,,0.0,1.0,1.0,0.0,0.0,1.0,1.0,0.0,,approximate negator,rarely,1,1,0,0,0,0,0,0,0,0,1
One seldom sees such birds.,One never sees such birds.,contradiction,0,1,0,1,0,1,1,0,,1.0,0.0,0.0,1.0,1.0,0.0,1.0,0.0,,approximate negator,rarely,1,0,0,0,0,0,0,0,0,0,1
None of them supported her.,Few of them supported her.,contradiction,0,1,0,1,0,1,1,0,,0.0,1.0,0.0,1.0,0.0,1.0,1.0,0.0,,absolute negator,never,1,0,0,0,0,0,0,0,0,0,1
None of them supported her.,Not one of them supported her.,entailment,0,1,0,1,0,1,1,0,,0.0,1.0,1.0,0.0,0.0,1.0,1.0,0.0,,absolute negator,never,1,1,0,0,0,0,0,0,1,0,1
None of them supported her.,One of them supported her.,contradiction,0,1,0,1,0,1,1,0,,,,,,,,,,,absolute negator,never,1,0,0,0,0,0,0,0,1,0,1
None of them supported her.,One of them did not support her.,entailment,0,1,0,1,0,1,1,0,,1.0,0.0,1.0,0.0,1.0,0.0,1.0,0.0,,absolute negator,never,1,1,0,0,0,0,0,0,1,0,1
None of them supported her.,Two of them supported her.,contradiction,0,1,0,1,0,1,1,0,,,,,,,,,,,absolute negator,never,1,0,0,0,0,0,0,0,1,0,1
None of them supported her.,Two of them did not support her.,entailment,0,1,0,1,0,1,1,0,,1.0,0.0,1.0,0.0,1.0,0.0,1.0,0.0,,absolute negator,never,1,1,0,0,0,0,0,0,1,0,1
None of them supported her.,Twenty of them supported her.,contradiction,0,1,0,1,0,1,1,0,,,,,,,,,,,absolute negator,never,1,0,0,0,0,0,0,0,1,0,1
None of them supported her.,Twenty of them did not support her.,entailment,0,1,0,1,0,1,1,0,,1.0,0.0,1.0,0.0,1.0,0.0,1.0,0.0,,absolute negator,never,1,1,0,0,0,0,0,0,1,0,1
You can not answer their letters: you're not legally required to respond.,You can answer their letters.,neutral,1,0,1,0,1,0,1,0,,,,,,,,,,,not + auxillary,can not,0,1,0,1,0,0,0,0,0,0,0
You can not answer their letters.,You don't have to answer their letters.,entailment,1,0,1,0,1,0,1,0,,1.0,0.0,0.0,1.0,1.0,0.0,1.0,0.0,,not + auxillary,must not,0,0,0,0,0,0,0,1,0,0,0
They must not read it.,It is required that they not read it.,entailment,1,0,1,0,1,0,1,0,,1.0,0.0,1.0,0.0,0.0,1.0,1.0,0.0,,not + auxillary,must not,0,0,0,0,0,0,0,1,0,0,0
They must not read it.,They need not read it.,neutral,1,0,1,0,1,0,1,0,,1.0,0.0,1.0,0.0,1.0,0.0,1.0,0.0,,not + auxillary,must not,0,0,0,0,0,0,0,1,0,0,0
They must not read it.,They should not read it.,entailment,1,0,1,0,1,0,1,0,,1.0,0.0,1.0,0.0,1.0,0.0,1.0,0.0,,not + auxillary,must not,0,0,0,0,0,0,0,1,0,0,0
We were friends at no time.,We were friends in no time.,contradiction,0,1,0,1,0,1,1,0,,0.0,1.0,0.0,1.0,0.0,1.0,1.0,0.0,,not + auxillary,must not,0,0,0,0,0,0,0,1,0,0,0
We were friends at no time.,We were not friends.,entailment,0,1,0,1,0,1,1,0,,1.0,0.0,1.0,0.0,1.0,0.0,1.0,0.0,,not + auxillary,must not,0,0,1,1,0,0,0,0,0,0,0
I can't stop reading this book.,I am not reading this book.,contradiction,1,0,0,1,1,0,1,0,,1.0,0.0,1.0,0.0,1.0,0.0,1.0,0.0,,not + auxillary,can not,0,0,0,0,0,0,0,1,0,0,0
I can't stop reading this book.,I am reading this book.,entailment,1,0,0,1,1,0,1,0,,,,,,,,,,,not + auxillary,can not,0,1,0,0,0,0,0,1,0,0,0
